date,SP500,TBILL_3M,TNX_10Y,FVX_5Y,HYG,TLT,DXY,XLI,XLY,XLU
2024-09-03,5528.93017578125,4.96999979019165,3.8440001010894775,3.6559998989105225,71.40562438964844,90.93257904052734,101.83000183105469,125.41184997558594,90.93974304199219,36.227420806884766
2024-09-04,5520.06982421875,4.947999954223633,3.7679998874664307,3.565999984741211,71.6688003540039,92.1047134399414,101.36000061035156,125.53866577148438,91.17626953125,36.53653335571289
2024-09-05,5503.41015625,4.932000160217285,3.7309999465942383,3.5399999618530273,71.91383361816406,92.6256332397461,101.11000061035156,124.07528686523438,92.21107482910156,36.44617462158203
2024-09-06,5408.419921875,4.9079999923706055,3.7100000381469727,3.489000082015991,71.82308959960938,92.61632537841797,101.18000030517578,122.81678009033203,89.88030242919922,36.099021911621094
2024-09-09,5471.0498046875,4.894999980926514,3.697000026702881,3.486999988555908,71.99551391601562,93.0163345336914,101.55000305175781,124.69966888427734,91.19105529785156,36.465187072753906
2024-09-10,5495.52001953125,4.835000038146973,3.6459999084472656,3.427999973297119,71.85939025878906,93.6675033569336,101.62999725341797,124.91429901123047,92.23571014404297,36.63639450073242
2024-09-11,5554.1298828125,4.875,3.6530001163482666,3.447000026702881,71.96831512451172,93.59309387207031,101.68000030517578,125.13868713378906,93.15719604492188,36.750526428222656
2024-09-12,5595.759765625,4.840000152587891,3.680000066757202,3.4660000801086426,72.06812286376953,93.1558837890625,101.37000274658203,126.10450744628906,94.20677185058594,36.831363677978516
2024-09-13,5626.02001953125,4.763000011444092,3.6500000953674316,3.4240000247955322,72.26778411865234,93.40703582763672,101.11000061035156,127.38253784179688,94.84736633300781,37.34971618652344
2024-09-16,5633.08984375,4.744999885559082,3.621000051498413,3.4049999713897705,72.44929504394531,94.26289367675781,100.76000213623047,128.0361785888672,94.68474578857422,37.635047912597656
2024-09-17,5634.580078125,4.735000133514404,3.6419999599456787,3.433000087738037,72.46745300292969,93.80705261230469,100.88999938964844,128.73861694335938,95.16766357421875,37.60651397705078
2024-09-18,5618.259765625,4.614999771118164,3.684999942779541,3.4649999141693115,72.53096008300781,92.64423370361328,100.5999984741211,128.6313018798828,94.98042297363281,37.32118606567383
2024-09-19,5713.64013671875,4.5929999351501465,3.740000009536743,3.503000020980835,72.7488021850586,92.3372573852539,100.61000061035156,130.84585571289062,97.14366912841797,37.10243225097656
2024-09-20,5702.5498046875,4.545000076293945,3.7279999256134033,3.4839999675750732,72.83953094482422,91.98374938964844,100.72000122070312,129.92881774902344,96.92191314697266,38.08206558227539
2024-09-23,5718.56982421875,4.502999782562256,3.739000082015991,3.496000051498413,72.70337677001953,91.78839111328125,100.91999816894531,130.80087280273438,98.09957885742188,38.45981216430664
2024-09-24,5732.93017578125,4.494999885559082,3.7360000610351562,3.4790000915527344,72.71247100830078,91.76978302001953,100.37000274658203,131.74050903320312,98.9587631225586,38.186920166015625
2024-09-25,5722.259765625,4.486999988555908,3.7809998989105225,3.5179998874664307,72.63079833984375,91.00700378417969,100.91999816894531,131.12388610839844,98.60324096679688,38.387996673583984
2024-09-26,5745.3701171875,4.4679999351501465,3.7909998893737793,3.559000015258789,72.7488021850586,91.22093200683594,100.55999755859375,131.77964782714844,99.02294921875,38.124671936035156
2024-09-27,5738.169921875,4.48199987411499,3.749000072479248,3.503000020980835,72.93028259277344,91.69538116455078,100.41999816894531,131.96560668945312,99.17108917236328,38.502906799316406
2024-09-30,5762.47998046875,4.498000144958496,3.802000045776367,3.5769999027252197,72.8758316040039,91.25814056396484,100.77999877929688,132.5626678466797,98.93901062011719,38.67526626586914
2024-10-01,5708.75,4.48199987411499,3.743000030517578,3.5209999084472656,72.83935546875,91.91704559326172,101.19000244140625,132.63116455078125,98.5390396118164,38.98646926879883
2024-10-02,5709.5400390625,4.4730000495910645,3.7850000858306885,3.552999973297119,72.84848022460938,91.14242553710938,101.68000030517578,132.38645935058594,97.70455932617188,39.005619049072266
2024-10-03,5699.93994140625,4.465000152587891,3.8499999046325684,3.634999990463257,72.67520904541016,90.28382110595703,101.98999786376953,131.7111358642578,96.57379913330078,38.99125289916992
2024-10-04,5751.06982421875,4.505000114440918,3.9809999465942383,3.812999963760376,72.5931167602539,89.17325592041016,102.5199966430664,132.63116455078125,97.8526840209961,38.929012298583984
2024-10-07,5695.93994140625,4.525000095367432,4.026000022888184,3.86899995803833,72.2830581665039,88.50130462646484,102.54000091552734,132.30816650390625,96.33184051513672,38.03371047973633
2024-10-08,5751.1298828125,4.5279998779296875,4.0329999923706055,3.864000082015991,72.4563217163086,88.65062713623047,102.55000305175781,132.60179138183594,97.27003479003906,38.052860260009766
2024-10-09,5792.0400390625,4.534999847412109,4.066999912261963,3.9079999923706055,72.41072845458984,88.14665985107422,102.93000030517578,133.7860870361328,97.96624755859375,37.727294921875
2024-10-10,5780.0498046875,4.53000020980835,4.0960001945495605,3.9189999103546143,72.37425231933594,87.80134582519531,102.98999786376953,133.10098266601562,97.48234558105469,37.61239242553711
2024-10-11,5815.02978515625,4.514999866485596,4.072999954223633,3.878999948501587,72.56575012207031,87.44670867919922,102.88999938964844,135.4793243408203,97.06757354736328,37.942745208740234
2024-10-14,5859.85009765625,4.51800012588501,4.0980000495910645,3.9000000953674316,72.60224151611328,87.51203918457031,103.30000305175781,136.2917022705078,97.49223327636719,38.42151641845703
2024-10-15,5815.259765625,4.514999866485596,4.038000106811523,3.859999895095825,72.58399200439453,88.57597351074219,103.26000213623047,135.24444580078125,97.70455932617188,38.593868255615234
2024-10-16,5842.47021484375,4.502999782562256,4.015999794006348,3.8420000076293945,72.7116928100586,88.94926452636719,103.58999633789062,136.2917022705078,98.21809387207031,39.35990905761719
2024-10-17,5841.47021484375,4.514999866485596,4.0960001945495605,3.9089999198913574,72.60224151611328,87.54005432128906,103.83000183105469,135.90020751953125,98.12921142578125,39.010406494140625
2024-10-18,5864.669921875,4.513000011444092,4.072999954223633,3.875999927520752,72.77552032470703,87.60536193847656,103.48999786376953,136.31129455566406,98.51435089111328,39.23542785644531
2024-10-21,5853.97998046875,4.51800012588501,4.182000160217285,3.9760000705718994,72.48368835449219,86.07481384277344,104.01000213623047,135.83168029785156,97.74899291992188,39.082218170166016
2024-10-22,5851.2001953125,4.5,4.203999996185303,4.005000114440918,72.38336944580078,86.1588134765625,104.08000183105469,134.1873779296875,97.35397338867188,38.94337844848633
2024-10-23,5797.419921875,4.505000114440918,4.242000102996826,4.057000160217285,72.16449737548828,85.92548370361328,104.43000030517578,133.79586791992188,95.82324981689453,39.31682205200195
2024-10-24,5809.85986328125,4.486999988555908,4.199999809265137,4.019000053405762,72.37425231933594,86.47612762451172,104.05999755859375,132.8758544921875,98.84518432617188,39.06306457519531
2024-10-25,5808.1201171875,4.510000228881836,4.23199987411499,4.051000118255615,72.30128479003906,85.99082946777344,104.26000213623047,132.52349853515625,99.1562728881836,38.48375701904297
2024-10-28,5823.52001953125,4.48199987411499,4.2779998779296875,4.107999801635742,72.48368835449219,85.75751495361328,104.31999969482422,132.91502380371094,99.38834381103516,38.78538513183594
2024-10-29,5832.919921875,4.480000019073486,4.27400016784668,4.104000091552734,72.50192260742188,85.8881607055664,104.27999877929688,132.7388153076172,98.86988830566406,37.95710754394531
2024-10-30,5813.669921875,4.4629998207092285,4.265999794006348,4.126999855041504,72.37425231933594,86.14015197753906,103.98999786376953,132.51370239257812,98.73161315917969,37.86613464355469
2024-10-31,5705.4501953125,4.432000160217285,4.283999919891357,4.15500020980835,72.17361450195312,86.28014373779297,103.9800033569336,130.9868621826172,97.22064208984375,38.258731842041016
2024-11-01,5728.7998046875,4.400000095367432,4.361000061035156,4.209000110626221,72.17818450927734,85.06373596191406,104.27999877929688,131.1630096435547,98.80075073242188,37.40652084350586
2024-11-04,5712.68994140625,4.418000221252441,4.309000015258789,4.166999816894531,72.37984466552734,86.38408660888672,103.88999938964844,131.01622009277344,98.46003723144531,36.96125411987305
2024-11-05,5782.759765625,4.422999858856201,4.289000034332275,4.171999931335449,72.58148956298828,86.8429183959961,103.41999816894531,133.20863342285156,100.20309448242188,37.51663589477539
2024-11-06,5929.0400390625,4.429999828338623,4.426000118255615,4.271999835968018,72.70980072021484,84.46443176269531,105.08999633789062,138.42538452148438,103.40773010253906,37.12882614135742
2024-11-07,5973.10009765625,4.420000076293945,4.341000080108643,4.191999912261963,73.02142333984375,85.5225830078125,104.51000213623047,137.59347534179688,104.73600769042969,37.19585418701172
2024-11-08,5995.5400390625,4.422999858856201,4.306000232696533,4.191999912261963,73.14057922363281,86.60882568359375,105.0,139.0713653564453,106.2222900390625,37.90922546386719
2024-11-11,6001.35009765625,4.414999961853027,4.308000087738037,4.195000171661377,73.05806732177734,86.18743133544922,105.54000091552734,140.14801025390625,108.36529541015625,38.014556884765625
2024-11-12,5983.990234375,4.422999858856201,4.432000160217285,4.314000129699707,72.7647933959961,84.89517211914062,106.0199966430664,138.94412231445312,106.91851806640625,37.57887649536133
2024-11-13,5985.3798828125,4.389999866485596,4.451000213623047,4.301000118255615,72.78311920166016,84.08987426757812,106.4800033569336,139.23776245117188,107.83202362060547,37.51184844970703
2024-11-14,5949.169921875,4.382999897003174,4.418000221252441,4.291999816894531,72.62730407714844,84.57679748535156,106.66999816894531,136.88876342773438,106.30128479003906,37.3825798034668
2024-11-15,5870.6201171875,4.39300012588501,4.427999973297119,4.297999858856201,72.61813354492188,84.35205078125,106.69000244140625,136.15469360351562,105.39273834228516,37.942745208740234
2024-11-18,5893.6201171875,4.4029998779296875,4.414000034332275,4.2769999504089355,72.755615234375,84.50186920166016,106.27999877929688,135.96871948242188,106.36548614501953,38.273094177246094
2024-11-19,5916.97998046875,4.4079999923706055,4.379000186920166,4.245999813079834,72.86560821533203,84.9326171875,106.20999908447266,135.85128784179688,106.44448852539062,38.51727294921875
2024-11-20,5917.10986328125,4.409999847412109,4.406000137329102,4.275000095367432,72.84728240966797,84.66107940673828,106.68000030517578,135.99807739257812,105.97539520263672,38.53641891479492
2024-11-21,5948.7099609375,4.413000106811523,4.432000160217285,4.304999828338623,72.8747787475586,84.59551239013672,106.97000122070312,137.70111083984375,106.16303253173828,39.20669937133789
2024-11-22,5969.33984375,4.414999961853027,4.409999847412109,4.297999858856201,72.85645294189453,84.642333984375,107.48999786376953,139.6194610595703,107.69376373291016,38.996036529541016
2024-11-25,5987.3701171875,4.40500020980835,4.264999866485596,4.171999931335449,73.13140106201172,86.83354949951172,106.81999969482422,140.4905548095703,108.79488372802734,39.0678596496582
2024-11-26,6021.6298828125,4.394999980926514,4.302000045776367,4.190000057220459,72.99393463134766,86.49645233154297,107.01000213623047,140.65696716308594,109.1899185180664,39.69026565551758
2024-11-27,5998.740234375,4.385000228881836,4.242000102996826,4.11299991607666,73.21389770507812,87.09576416015625,106.08000183105469,140.13821411132812,108.65169525146484,39.69026565551758
2024-11-29,6032.3798828125,4.373000144958496,4.177999973297119,4.054999828338623,73.36054229736328,87.99470520019531,105.73999786376953,140.93101501464844,109.76763916015625,39.70462417602539
2024-12-02,6047.14990234375,4.380000114440918,4.196000099182129,4.09499979019165,73.33384704589844,88.20611572265625,106.44999694824219,139.8935089111328,110.72557830810547,38.85240936279297
2024-12-03,6049.8798828125,4.35699987411499,4.2230000495910645,4.105999946594238,73.33384704589844,87.44499206542969,106.37000274658203,139.01266479492188,110.64163970947266,38.51727294921875
2024-12-04,6086.490234375,4.34499979019165,4.179999828338623,4.061999797821045,73.50878143310547,88.3846664428711,106.33999633789062,139.6194610595703,111.66869354248047,38.512481689453125
2024-12-05,6075.10986328125,4.329999923706055,4.179999828338623,4.076000213623047,73.44432067871094,88.5632095336914,105.70999908447266,137.92623901367188,112.58219909667969,38.632179260253906
2024-12-06,6090.27001953125,4.295000076293945,4.151000022888184,4.033999919891357,73.56401824951172,88.69474792480469,105.97000122070312,137.57388305664062,114.95234680175781,38.153404235839844
2024-12-09,6052.85009765625,4.293000221252441,4.198999881744385,4.072000026702881,73.47195434570312,87.87724304199219,106.1500015258789,136.37977600097656,114.58694458007812,37.67462921142578
2024-12-10,6034.91015625,4.284999847412109,4.2210001945495605,4.0970001220703125,73.50878143310547,87.46379852294922,106.4000015258789,136.04701232910156,114.77458190917969,37.401729583740234
2024-12-11,6084.18994140625,4.255000114440918,4.270999908447266,4.133999824523926,73.52718353271484,86.63687896728516,106.70999908447266,135.73382568359375,116.78921508789062,37.16712951660156
2024-12-12,6051.25,4.2230000495910645,4.323999881744385,4.176000118255615,73.32466125488281,85.58446502685547,106.95999908447266,134.86273193359375,115.82140350341797,37.14797592163086
2024-12-13,6051.08984375,4.2179999351501465,4.39900016784668,4.248000144958496,73.11286926269531,84.7105941772461,107.0,134.5103759765625,116.28062438964844,37.17192077636719
2024-12-16,6074.080078125,4.228000164031982,4.396999835968018,4.254000186920166,73.25096893310547,84.96429443359375,106.86000061035156,134.6278533935547,117.85578155517578,36.87508010864258
2024-12-17,6050.60986328125,4.239999771118164,4.385000228881836,4.248000144958496,73.09445190429688,85.17100524902344,106.95999908447266,133.39459228515625,118.22611236572266,36.721866607666016
2024-12-18,5872.16015625,4.23199987411499,4.49399995803833,4.380000114440918,72.34391021728516,84.10602569580078,108.02999877929688,129.62640380859375,112.89820861816406,35.85529708862305
2024-12-19,5867.080078125,4.21999979019165,4.570000171661377,4.425000190734863,72.26988220214844,82.8325424194336,108.41000366210938,129.45999145507812,112.74514770507812,36.0180778503418
2024-12-20,5930.85009765625,4.215000152587891,4.52400016784668,4.380000114440918,72.72335052490234,83.30418395996094,107.62000274658203,130.97706604003906,113.03153991699219,36.59260940551758
2024-12-23,5974.06982421875,4.215000152587891,4.598999977111816,4.445000171661377,72.52899169921875,82.54010772705078,108.04000091552734,130.9475555419922,113.37437438964844,36.71714782714844
2024-12-24,6040.0400390625,4.199999809265137,4.591000080108643,4.438000202178955,72.7603759765625,82.88916015625,108.26000213623047,131.97059631347656,115.99636840820312,36.91990280151367
2024-12-26,6037.58984375,4.215000152587891,4.578999996185303,4.433000087738037,72.9454574584961,82.84195709228516,108.12999725341797,132.06895446777344,115.56597900390625,36.833011627197266
2024-12-27,5970.83984375,4.177999973297119,4.61899995803833,4.455999851226807,72.6955795288086,82.16278076171875,108.0,131.08526611328125,113.65636444091797,36.726802825927734
2024-12-30,5906.93994140625,4.182000160217285,4.545000076293945,4.369999885559082,72.79739379882812,82.82310485839844,108.12999725341797,129.7671356201172,111.83086395263672,36.57233428955078
2024-12-31,5881.6298828125,4.208000183105469,4.572999954223633,4.380000114440918,72.78813934326172,82.3797378540039,108.48999786376953,129.6097412109375,110.98983764648438,36.538536071777344
2025-01-02,5868.5498046875,4.208000183105469,4.574999809265137,4.380000114440918,72.9639663696289,82.60613250732422,109.38999938964844,129.15725708007812,109.5304183959961,36.81852722167969
2025-01-03,5942.47021484375,4.192999839782715,4.5960001945495605,4.409999847412109,73.07501983642578,82.34201049804688,108.94999694824219,130.5540771484375,111.74674987792969,37.20954513549805
2025-01-06,5975.3798828125,4.190000057220459,4.618000030517578,4.421999931335449,73.20460510253906,81.97412109375,108.26000213623047,130.26881408691406,112.18704986572266,36.79438781738281
2025-01-07,5909.02978515625,4.203000068664551,4.683000087738037,4.465000152587891,72.9639663696289,81.0496597290039,108.54000091552734,130.14093017578125,110.01524353027344,36.702667236328125
2025-01-08,5918.25,4.204999923706055,4.692999839782715,4.4670000076293945,73.0565185546875,81.1534423828125,109.08999633789062,130.65245056152344,110.32691955566406,36.693016052246094
2025-01-09,,,,,,,109.18000030517578,,,
2025-01-10,5827.0400390625,4.2129998207092285,4.776000022888184,4.5929999351501465,72.67707824707031,80.61573791503906,109.6500015258789,129.186767578125,109.24348449707031,36.485435485839844
2025-01-13,5836.22021484375,4.2179999351501465,4.802999973297119,4.617000102996826,72.6585693359375,80.58745574951172,109.95999908447266,130.70164489746094,109.86188507080078,36.06062698364258
2025-01-14,5842.91015625,4.2129998207092285,4.788000106811523,4.590000152587891,72.7511215209961,80.45537567138672,109.2699966430664,132.2460174560547,109.6491470336914,36.53370666503906
2025-01-15,5949.91015625,4.204999923706055,4.6529998779296875,4.443999767303467,73.38970184326172,81.84204864501953,109.08999633789062,133.08212280273438,112.4393539428711,37.069549560546875
2025-01-16,5937.33984375,4.195000171661377,4.605999946594238,4.395999908447266,73.47296905517578,82.106201171875,108.95999908447266,134.69537353515625,111.83086395263672,38.006065368652344
2025-01-17,5996.66015625,4.192999839782715,4.609000205993652,4.414000034332275,73.53777313232422,82.2476806640625,109.3499984741211,135.5019989013672,113.39911651611328,38.05916213989258
2025-01-21,6049.240234375,4.197000026702881,4.573999881744385,4.396999835968018,73.73210906982422,82.98346710205078,108.05999755859375,138.2858123779297,114.23023223876953,38.643280029296875
2025-01-22,6086.3701171875,4.215000152587891,4.598999977111816,4.426000118255615,73.63030242919922,82.54955291748047,108.16999816894531,137.96119689941406,113.79983520507812,37.80813980102539
2025-01-23,6118.7099609375,4.2129998207092285,4.638000011444092,4.441999912261963,73.72285461425781,81.9081039428711,108.05000305175781,139.35804748535156,114.48748779296875,37.98675537109375
2025-01-24,6101.240234375,4.204999923706055,4.625999927520752,4.427999973297119,73.80613708496094,82.27598571777344,107.44000244140625,138.76780700683594,113.78993225097656,38.37294387817383
2025-01-27,6012.27978515625,4.188000202178955,4.5279998779296875,4.326000213623047,73.86166381835938,83.24760437011719,107.33999633789062,136.90866088867188,114.43801879882812,37.484703063964844
2025-01-28,6067.7001953125,4.190000057220459,4.551000118255615,4.34499979019165,73.83391571044922,83.19100952148438,107.87000274658203,136.00367736816406,114.57653045654297,36.968177795410156
2025-01-29,6039.31005859375,4.188000202178955,4.554999828338623,4.35699987411499,73.78765869140625,83.02120971679688,108.0,135.5413360595703,114.2500228881836,37.04541015625
2025-01-30,6071.169921875,4.182000160217285,4.51200008392334,4.310999870300293,73.92645263671875,83.33248138427734,107.80000305175781,137.0562286376953,115.36808013916016,37.81779098510742
2025-01-31,6040.52978515625,4.188000202178955,4.568999767303467,4.363999843597412,73.77835845947266,82.78538513183594,108.37000274658203,136.0922088623047,114.85852813720703,37.595733642578125
2025-02-03,5994.56982421875,4.190000057220459,4.543000221252441,4.35699987411499,73.6854476928711,83.45941925048828,108.98999786376953,134.7445526123047,113.33973693847656,37.79848861694336
2025-02-04,6037.8798828125,4.2129998207092285,4.513000011444092,4.317999839782715,73.91783142089844,83.71501922607422,107.95999908447266,134.78392028808594,114.67546844482422,37.465396881103516
2025-02-05,6061.47998046875,4.210000038146973,4.421999931335449,4.243000030517578,74.1130599975586,85.09716796875,107.58000183105469,134.8822784423828,113.37437438964844,37.84193420410156
2025-02-06,6083.56982421875,4.2129998207092285,4.440000057220459,4.2729997634887695,74.00151062011719,85.05929565429688,107.69000244140625,135.49217224121094,113.82456970214844,37.79848861694336
2025-02-07,6025.990234375,4.228000164031982,4.486999988555908,4.334000110626221,73.76908111572266,84.5102310180664,108.04000091552734,135.0888671875,111.59834289550781,37.72124481201172
2025-02-10,6066.43994140625,4.228000164031982,4.493000030517578,4.333000183105469,73.91783142089844,84.25463104248047,108.31999969482422,136.2987823486328,111.9792709350586,38.13157653808594
2025-02-11,6068.5,4.224999904632568,4.5370001792907715,4.369999885559082,73.88994598388672,83.71501922607422,107.95999908447266,136.34799194335938,110.70783996582031,38.32467269897461
2025-02-12,6051.97021484375,4.228000164031982,4.63700008392334,4.484000205993652,73.73189544677734,82.5790023803711,107.94000244140625,135.5019989013672,110.68805694580078,38.257083892822266
2025-02-13,6115.06982421875,4.2129998207092285,4.525000095367432,4.386000156402588,74.06659698486328,83.95169830322266,107.30999755859375,135.63970947265625,112.35031127929688,38.3439826965332
2025-02-14,6114.6298828125,4.2129998207092285,4.4720001220703125,4.323999881744385,74.15026092529297,84.39663696289062,106.56999969482422,135.30526733398438,112.30082702636719,38.1846809387207
2025-02-18,6129.580078125,4.2129998207092285,4.544000148773193,4.39300012588501,74.0851821899414,83.4026107788086,107.05000305175781,136.36764526367188,111.9891586303711,38.54190444946289
2025-02-19,6144.14990234375,4.2179999351501465,4.534999847412109,4.369999885559082,74.14094543457031,83.5067367553711,107.16999816894531,136.50535583496094,111.92485809326172,38.74465560913086
2025-02-20,6117.52001953125,4.204999923706055,4.5,4.3420000076293945,74.18745422363281,83.81915283203125,106.33999633789062,135.6101837158203,110.96014404296875,38.739830017089844
2025-02-21,6013.1298828125,4.197000026702881,4.420000076293945,4.257999897003174,74.04798889160156,84.83209991455078,106.61000061035156,132.6394805908203,108.04132080078125,38.74948501586914
2025-02-24,5983.25,4.190000057220459,4.39300012588501,4.230000019073486,74.14094543457031,85.07823181152344,106.5999984741211,132.0394287109375,107.63565063476562,38.55638885498047
2025-02-25,5955.25,4.182000160217285,4.297999858856201,4.132999897003174,74.32687377929688,86.54558563232422,106.30999755859375,132.71817016601562,107.07166290283203,38.36328887939453
2025-02-26,5956.06005859375,4.192999839782715,4.249000072479248,4.077000141143799,74.42914581298828,87.05681610107422,106.41999816894531,132.79685974121094,106.63138580322266,38.52259826660156
2025-02-27,5861.56982421875,4.195000171661377,4.284999847412109,4.103000164031982,74.28971862792969,86.44145965576172,107.23999786376953,132.33453369140625,105.09280395507812,37.66814422607422
2025-02-28,5954.5,4.192999839782715,4.230999946594238,4.0279998779296875,74.4942398071289,87.50173950195312,107.61000061035156,134.1051788330078,106.83916473388672,38.24260711669922
2025-03-03,5849.72021484375,4.192999839782715,4.179999828338623,3.990999937057495,74.33917236328125,87.91007995605469,106.75,132.1968231201172,104.87017059326172,38.29570388793945
2025-03-04,5778.14990234375,4.195000171661377,4.210000038146973,4.002999782562256,74.32984924316406,86.8274917602539,105.73999786376953,129.6195831298828,103.01994323730469,37.6729736328125
2025-03-05,5842.6298828125,4.204999923706055,4.264999866485596,4.056000232696533,74.36720275878906,86.13423919677734,105.73999786376953,131.6656494140625,104.58819580078125,37.407470703125
2025-03-06,5738.52001953125,4.197000026702881,4.285999774932861,4.060999870300293,74.08699798583984,85.84932708740234,104.05999755859375,130.53440856933594,101.93650817871094,36.63025665283203
2025-03-07,5770.2001953125,4.197000026702881,4.316999912261963,4.0929999351501465,74.20841217041016,85.57394409179688,103.83999633789062,132.05911254882812,101.7485122680664,37.310916900634766
2025-03-10,5614.56005859375,4.184999942779541,4.2129998207092285,3.9739999771118164,73.9281997680664,86.46661376953125,103.91000366210938,129.99339294433594,98.11729431152344,37.72124481201172
2025-03-11,5572.06982421875,4.195000171661377,4.288000106811523,4.041999816894531,73.66667175292969,85.84932708740234,103.44000244140625,127.99652099609375,97.15754699707031,37.36885452270508
2025-03-12,5599.2998046875,4.197000026702881,4.317999839782715,4.078999996185303,73.7507553100586,85.33650207519531,103.61000061035156,127.98667907714844,97.72151184082031,37.252986907958984
2025-03-13,5521.52001953125,4.188000202178955,4.27400016784668,4.0279998779296875,73.33976745605469,86.08675384521484,103.83000183105469,126.67838287353516,95.28256225585938,37.3447151184082
2025-03-14,5638.93994140625,4.188000202178955,4.308000087738037,4.081999778747559,73.676025390625,85.63089752197266,103.72000122070312,128.9900360107422,97.31089782714844,38.073646545410156
2025-03-17,5675.1201171875,4.188000202178955,4.306000232696533,4.0980000495910645,73.85350036621094,86.0582504272461,103.37000274658203,130.77049255371094,97.46426391601562,38.23295211791992
2025-03-18,5614.66015625,4.195000171661377,4.281000137329102,4.070000171661377,73.72271728515625,86.14373016357422,103.23999786376953,129.727783203125,95.72779846191406,37.967445373535156
2025-03-19,5675.2900390625,4.190000057220459,4.25600004196167,4.03000020980835,74.20841217041016,86.5900650024414,103.43000030517578,131.44924926757812,97.5632095336914,38.1074333190918
2025-03-20,5662.89013671875,4.182000160217285,4.232999801635742,4.006999969482422,74.10567474365234,86.64704132080078,103.8499984741211,130.79017639160156,97.33070373535156,38.26191711425781
2025-03-21,5667.56005859375,4.184999942779541,4.251999855041504,4.007999897003174,73.99359130859375,86.13423919677734,104.08999633789062,130.0917510986328,97.68194580078125,38.01572036743164
2025-03-24,5767.56982421875,4.182000160217285,4.330999851226807,4.0970001220703125,74.20841217041016,85.25103759765625,104.26000213623047,132.5042266845703,101.34398651123047,38.00356674194336
2025-03-25,5776.64990234375,4.182000160217285,4.307000160217285,4.058000087738037,74.17106628417969,85.24153900146484,104.18000030517578,132.70159912109375,102.15259552001953,37.39585494995117
2025-03-26,5712.2001953125,4.190000057220459,4.3379998207092285,4.083000183105469,73.87215423583984,84.68124389648438,104.55000305175781,131.8234100341797,100.81814575195312,37.643798828125
2025-03-27,5693.31005859375,4.188000202178955,4.36899995803833,4.0980000495910645,73.73206329345703,84.4343490600586,104.06999969482422,131.1228485107422,100.88263702392578,37.63408279418945
2025-03-28,5580.93994140625,4.188000202178955,4.255000114440918,3.9809999465942383,73.60128021240234,85.60243225097656,104.04000091552734,128.41929626464844,97.74742126464844,37.91119384765625
2025-03-31,5611.85009765625,4.192999839782715,4.245999813079834,3.9830000400543213,73.68537902832031,86.44761657714844,104.20999908447266,129.32705688476562,97.95576477050781,38.33415222167969
2025-04-01,5633.06982421875,4.199999809265137,4.156000137329102,3.9100000858306885,73.85618591308594,87.19673156738281,104.26000213623047,130.05722045898438,98.97769927978516,38.43138885498047
2025-04-02,5670.97021484375,4.203000068664551,4.196000099182129,3.9509999752044678,74.00636291503906,87.13955688476562,103.80999755859375,131.2807159423828,100.85784149169922,38.61127471923828
2025-04-03,5396.52001953125,4.184999942779541,4.054999828338623,3.760999917984009,73.0865478515625,87.53984069824219,102.06999969482422,124.17646789550781,94.76598358154297,38.368186950683594
2025-04-04,5074.080078125,4.15500020980835,3.984999895095825,3.7090001106262207,72.04475402832031,88.49292755126953,103.0199966430664,116.37166595458984,90.67829132080078,36.23392105102539
2025-04-07,5062.25,4.150000095367432,4.15500020980835,3.8399999141693115,71.42527770996094,85.82431030273438,103.26000213623047,115.82897186279297,89.60675811767578,35.67969512939453
2025-04-08,4982.77001953125,4.177999973297119,4.26200008392334,3.9140000343322754,71.0967788696289,84.2040786743164,102.95999908447266,114.87187194824219,87.47857666015625,35.533843994140625
2025-04-09,5456.89990234375,4.228000164031982,4.400000095367432,4.10099983215332,73.0020751953125,84.6996841430664,102.9000015258789,125.07437133789062,97.00330352783203,36.933998107910156
2025-04-10,5268.0498046875,4.197000026702881,4.394000053405762,4.038000106811523,71.81010437011719,82.3646469116211,100.87000274658203,121.84784698486328,93.21324157714844,36.65688705444336
2025-04-11,5363.35986328125,4.2129998207092285,4.493000030517578,4.159999847412109,72.02597045898438,82.81259155273438,99.77999877929688,123.99885559082031,94.11611938476562,37.10416030883789
2025-04-14,5405.97021484375,4.195000171661377,4.363999843597412,3.997999906539917,72.38261413574219,83.40350341796875,99.63999938964844,125.29145050048828,94.38896179199219,37.770206451416016
2025-04-15,5396.6298828125,4.199999809265137,4.322999954223633,3.9630000591278076,72.5797119140625,83.6989517211914,100.22000122070312,124.6698226928711,93.7093276977539,37.76533889770508
2025-04-16,5275.7001953125,4.208000183105469,4.2789998054504395,3.9089999198913574,72.57035064697266,84.16596221923828,99.37999725341797,122.96283721923828,91.3976058959961,37.42502975463867
2025-04-17,5282.7001953125,4.204999923706055,4.333000183105469,3.941999912261963,72.99269104003906,83.42256164550781,99.37999725341797,123.6337890625,91.97305297851562,37.80909729003906
2025-04-21,5158.2001953125,4.210000038146973,4.40500020980835,3.9590001106262207,72.5609359741211,81.96436309814453,98.27999877929688,120.86114501953125,89.5174560546875,36.914554595947266
2025-04-22,5287.759765625,4.2129998207092285,4.388999938964844,3.9769999980926514,72.84253692626953,82.42183685302734,98.91999816894531,122.97270202636719,92.35008239746094,37.92091751098633
2025-04-23,5375.85986328125,4.208000183105469,4.38700008392334,4.013999938964844,73.20855712890625,83.22241973876953,99.83999633789062,124.51195526123047,94.41376495361328,38.08135223388672
2025-04-24,5484.77001953125,4.197000026702881,4.304999828338623,3.927000045776367,73.86557006835938,84.09923553466797,99.29000091552734,127.30433654785156,96.29390716552734,38.139686584472656
2025-04-25,5525.2099609375,4.192999839782715,4.265999794006348,3.884000062942505,73.93125915527344,84.71873474121094,99.47000122070312,127.29444122314453,98.02522277832031,38.02301025390625
2025-04-28,5528.75,4.192999839782715,4.216000080108643,3.815999984741211,73.96881103515625,85.25247192382812,99.01000213623047,127.71874237060547,98.05994415283203,38.256370544433594
2025-04-29,5560.830078125,4.190000057220459,4.172999858856201,3.7750000953674316,74.16590881347656,85.9672622680664,99.23999786376953,128.5475616455078,98.75446319580078,38.55293273925781
2025-04-30,5569.06005859375,4.190000057220459,4.177000045776367,3.752000093460083,73.771728515625,85.27153778076172,99.47000122070312,129.47506713867188,97.85655212402344,38.35846710205078
2025-05-01,5604.14013671875,4.184999942779541,4.230999946594238,3.811000108718872,73.86699676513672,84.83915710449219,100.25,130.451904296875,98.39728546142578,38.470279693603516
2025-05-02,5686.669921875,4.208000183105469,4.322000026702881,3.931999921798706,74.09341430664062,83.92083740234375,100.0,132.79037475585938,99.92520141601562,38.77170181274414
2025-05-05,5650.3798828125,4.208000183105469,4.3429999351501465,3.943000078201294,74.06510162353516,83.45210266113281,99.83000183105469,132.85943603515625,98.86360168457031,38.67447280883789
2025-05-06,5606.91015625,4.210000038146973,4.308000087738037,3.8980000019073486,74.00848388671875,83.7295150756836,99.23999786376953,131.69512939453125,98.00042724609375,39.146053314208984
2025-05-07,5631.27978515625,4.215000152587891,4.275000095367432,3.872999906539917,74.07453155517578,84.08345794677734,99.61000061035156,132.36610412597656,98.76437377929688,39.257869720458984
2025-05-08,5663.93994140625,4.215000152587891,4.373000144958496,3.99399995803833,74.0556640625,83.14601135253906,100.63999938964844,134.19149780273438,99.93016815185547,38.941864013671875
2025-05-09,5659.91015625,4.215000152587891,4.375,3.986999988555908,74.10284423828125,83.2703628540039,100.33999633789062,134.30003356933594,100.41136169433594,39.009925842285156
2025-05-12,5844.18994140625,4.28000020980835,4.456999778747559,4.10099983215332,74.83868408203125,82.49552917480469,101.79000091552734,138.434326171875,105.40191650390625,38.77656936645508
2025-05-13,5886.5498046875,4.284999847412109,4.499000072479248,4.120999813079834,74.97076416015625,82.16072845458984,101.0,139.40127563476562,106.7958984375,38.723087310791016
2025-05-14,5892.580078125,4.284999847412109,4.5279998779296875,4.1620001792907715,74.69717407226562,81.61547088623047,101.04000091552734,138.73031616210938,107.20764923095703,38.55293273925781
2025-05-15,5916.93017578125,4.257999897003174,4.454999923706055,4.072999954223633,74.83868408203125,82.3329086303711,100.87999725341797,140.2695770263672,106.96952819824219,39.37455368041992
2025-05-16,5958.3798828125,4.236999988555908,4.440999984741211,4.064000129699707,74.92357635498047,82.55292510986328,101.08999633789062,141.86802673339844,107.98152923583984,39.95309066772461
2025-05-19,5963.60009765625,4.239999771118164,4.474999904632568,4.080999851226807,74.88585662841797,82.31378173828125,100.43000030517578,142.35153198242188,107.72853088378906,40.12324523925781
2025-05-20,5940.4599609375,4.248000144958496,4.480999946594238,4.066999912261963,74.84811401367188,81.72069549560547,100.12000274658203,141.83843994140625,107.16796112060547,40.239925384521484
2025-05-21,5844.60986328125,4.235000133514404,4.5960001945495605,4.1570000648498535,74.34810638427734,80.3240966796875,99.55999755859375,139.44076538085938,104.99512481689453,39.50581359863281
2025-05-22,5842.009765625,4.23199987411499,4.552999973297119,4.11299991607666,74.49905395507812,80.74498748779297,99.95999908447266,139.4111328125,105.44656372070312,38.941864013671875
2025-05-23,5802.81982421875,4.230000019073486,4.508999824523926,4.078000068664551,74.48018646240234,80.87889862060547,99.11000061035156,138.957275390625,104.49905395507812,39.4085807800293
2025-05-26,,,,,,,98.93000030517578,,,
2025-05-27,5921.5400390625,4.203000068664551,4.434000015258789,4.0229997634887695,74.9330062866211,82.0076675415039,99.5199966430664,141.40428161621094,107.58465576171875,39.705142974853516
2025-05-28,5888.5498046875,4.224999904632568,4.4770002365112305,4.065000057220459,74.88585662841797,81.65373229980469,99.87999725341797,140.7037353515625,106.59747314453125,39.150909423828125
2025-05-29,5912.169921875,4.230000019073486,4.423999786376953,3.997999906539917,74.99905395507812,82.40943908691406,99.27999877929688,140.83200073242188,106.64212036132812,39.42316818237305
2025-05-30,5911.68994140625,4.23199987411499,4.415999889373779,3.9790000915527344,75.06509399414062,82.53377532958984,99.33000183105469,140.92080688476562,106.06171417236328,39.82668685913086
2025-06-02,5935.93994140625,4.23199987411499,4.461999893188477,4.017000198364258,75.05181884765625,81.76567840576172,98.69999694824219,140.7432098388672,106.30973815917969,39.95309066772461
2025-06-03,5970.3701171875,4.235000133514404,4.460000038146973,4.0279998779296875,75.19400787353516,81.62165832519531,99.25,141.82858276367188,106.87527465820312,40.0600471496582
2025-06-04,5970.81005859375,4.239999771118164,4.364999771118164,3.931999921798706,75.33618927001953,82.94666290283203,98.79000091552734,141.90750122070312,106.5925064086914,39.35996627807617
2025-06-05,5939.2998046875,4.23199987411499,4.394000053405762,3.989000082015991,75.17504119873047,83.00426483154297,98.73999786376953,141.808837890625,103.90375518798828,39.2967643737793
2025-06-06,6000.35986328125,4.23199987411499,4.510000228881836,4.125999927520752,75.16555786132812,81.94811248779297,99.19000244140625,143.00274658203125,105.25308990478516,39.47178649902344
2025-06-09,6005.8798828125,4.239999771118164,4.48199987411499,4.085999965667725,75.20347595214844,82.03451538085938,98.94000244140625,142.87449645996094,106.09642791748047,39.21897888183594
2025-06-10,6038.81005859375,4.25,4.473999977111816,4.084000110626221,75.3835678100586,82.45697021484375,99.05000305175781,142.25286865234375,107.36638641357422,39.31134796142578
2025-06-11,6022.240234375,4.25,4.4120001792907715,4.008999824523926,75.36461639404297,82.70661163330078,98.62999725341797,142.32192993164062,106.51809692382812,39.33565902709961
2025-06-12,6045.259765625,4.257999897003174,4.35699987411499,3.9600000381469727,75.44992065429688,83.695556640625,97.91999816894531,141.94699096679688,106.01705169677734,39.812103271484375
2025-06-13,5976.97021484375,4.239999771118164,4.423999786376953,4.02400016784668,75.2224349975586,82.88904571533203,98.18000030517578,140.75306701660156,105.03977966308594,39.58360290527344
2025-06-16,6033.10986328125,4.248000144958496,4.452000141143799,4.034999847412109,75.37409210205078,82.05372619628906,98.0,141.7200469970703,106.17083740234375,39.389137268066406
2025-06-17,5982.72021484375,4.2179999351501465,4.39300012588501,3.989000082015991,75.2887954711914,83.05226135253906,98.81999969482422,140.65438842773438,104.34030151367188,39.06340408325195
2025-06-18,5980.8701171875,4.2230000495910645,4.396999835968018,3.993000030517578,75.40253448486328,83.19629669189453,98.91000366210938,140.3189239501953,104.38990783691406,39.16550064086914
2025-06-20,5967.83984375,4.195000171661377,4.375,3.9609999656677246,75.6395034790039,83.04267120361328,98.70999908447266,140.47677612304688,104.51393127441406,39.272457122802734
2025-06-23,6025.169921875,4.1579999923706055,4.320000171661377,3.884000062942505,75.78166961669922,83.31149291992188,98.41999816894531,142.37901306152344,106.58549499511719,39.77031707763672
2025-06-24,6092.18017578125,4.182000160217285,4.293000221252441,3.8559999465942383,75.99020385742188,83.91639709472656,97.86000061035156,143.566650390625,107.17707824707031,39.941654205322266
2025-06-25,6092.16015625,4.188000202178955,4.293000221252441,3.8469998836517334,75.97124481201172,84.02201080322266,97.68000030517578,142.29981994628906,105.91436004638672,39.408058166503906
2025-06-26,6141.02001953125,4.192999839782715,4.252999782562256,3.7990000247955322,76.18926239013672,84.44446563720703,97.1500015258789,143.84376525878906,106.88874053955078,39.73604965209961
2025-06-27,6173.06982421875,4.197000026702881,4.2829999923706055,3.828000068664551,76.15135192871094,83.90679168701172,97.4000015258789,145.2788543701172,108.6684799194336,39.81437683105469
2025-06-30,6204.9501953125,4.190000057220459,4.230000019073486,3.7950000762939453,76.4451675415039,84.7325210571289,96.87999725341797,146.00132751464844,108.0420913696289,39.97592544555664
2025-07-01,6198.009765625,4.224999904632568,4.250999927520752,3.8420000076293945,76.34898376464844,84.94261169433594,96.81999969482422,146.4862823486328,108.50442504882812,40.112998962402344
2025-07-02,6227.419921875,4.2230000495910645,4.293000221252441,3.869999885559082,76.4918441772461,84.40291595458984,96.77999877929688,146.63473510742188,109.3744125366211,39.76542282104492
2025-07-03,6279.35009765625,4.239999771118164,4.3480000495910645,3.938999891281128,76.5394515991211,83.8150405883789,97.18000030517578,147.8817596435547,109.9709701538086,40.06404113769531
2025-07-07,6229.97998046875,4.244999885559082,4.394999980926514,3.9660000801086426,76.28233337402344,83.01514434814453,97.4800033569336,147.3671112060547,108.57402038574219,40.14726638793945
2025-07-08,6225.52001953125,4.25,4.414999961853027,3.984999895095825,76.17757415771484,82.9091567993164,97.51000213623047,147.32754516601562,108.20614624023438,39.72136306762695
2025-07-09,6263.259765625,4.244999885559082,4.3420000076293945,3.9200000762939453,76.38707733154297,83.77650451660156,97.47000122070312,148.3568115234375,108.84745025634766,40.09341812133789
2025-07-10,6280.4599609375,4.239999771118164,4.3460001945495605,3.930999994277954,76.31089782714844,83.8343276977539,97.6500015258789,149.1881866455078,110.0505142211914,40.42140579223633
2025-07-11,6259.75,4.236999988555908,4.422999858856201,3.992000102996826,76.21566772460938,82.6778564453125,97.8499984741211,148.6537322998047,110.08033752441406,40.3626594543457
2025-07-14,6268.56005859375,4.228000164031982,4.427000045776367,3.984999895095825,76.2728042602539,82.5043716430664,98.08000183105469,149.4553985595703,110.48799133300781,40.52421188354492
2025-07-15,6243.759765625,4.23199987411499,4.488999843597412,4.050000190734863,76.04423522949219,81.9261474609375,98.62000274658203,148.3370361328125,108.90711212158203,40.137474060058594
2025-07-16,6263.7001953125,4.224999904632568,4.454999923706055,3.984999895095825,76.24423217773438,82.04179382324219,98.38999938964844,148.861572265625,109.10596466064453,40.15705108642578
2025-07-17,6297.35986328125,4.235000133514404,4.4629998207092285,4.00600004196167,76.32041931152344,82.02251434326172,98.7300033569336,150.23727416992188,109.47880554199219,40.32350158691406
2025-07-18,6296.7900390625,4.230000019073486,4.432000160217285,3.9619998931884766,76.42518615722656,82.1478042602539,98.4800033569336,149.90077209472656,110.4482192993164,40.99906921386719
2025-07-21,6305.60009765625,4.2230000495910645,4.372000217437744,3.9079999923706055,76.52993774414062,82.88024139404297,97.8499984741211,149.10899353027344,110.97021484375,41.13124084472656
2025-07-22,6309.6201171875,4.230000019073486,4.335999965667725,3.875999927520752,76.66326141357422,83.38137817382812,97.38999938964844,149.46530151367188,112.09373474121094,41.63547134399414
2025-07-23,6358.91015625,4.239999771118164,4.388000011444092,3.934000015258789,76.70134735107422,82.91878509521484,97.20999908447266,152.1473846435547,112.62567138671875,41.322166442871094
2025-07-24,6363.35009765625,4.244999885559082,4.4079999923706055,3.9709999561309814,76.60612487792969,82.77422332763672,97.37999725341797,151.8900604248047,110.76141357421875,41.26831817626953
2025-07-25,6388.64013671875,4.244999885559082,4.386000156402588,3.9519999027252197,76.65373229980469,83.29463958740234,97.6500015258789,153.39442443847656,111.79048156738281,41.376007080078125
2025-07-28,6389.77001953125,4.235000133514404,4.420000076293945,3.9769999980926514,76.61563873291016,82.75495910644531,98.66000366210938,152.91937255859375,112.44172668457031,40.935428619384766
2025-07-29,6370.85986328125,4.230000019073486,4.329999923706055,3.9059998989105225,76.66326141357422,84.15234375,98.91000366210938,151.177490234375,111.66619873046875,41.40538787841797
2025-07-30,6362.89990234375,4.23199987411499,4.375999927520752,3.9649999141693115,76.50135803222656,83.71868133544922,99.94000244140625,150.43519592285156,110.96025848388672,41.71379852294922
2025-07-31,6339.39013671875,4.235000133514404,4.360000133514404,3.9600000381469727,76.5489730834961,83.76685333251953,100.02999877929688,150.44509887695312,110.08033752441406,41.938987731933594
2025-08-01,6238.009765625,4.182000160217285,4.21999979019165,3.7709999084472656,76.55281829833984,84.95773315429688,98.69000244140625,148.198486328125,107.42565155029297,42.002628326416016
2025-08-04,6329.93994140625,4.1529998779296875,4.199999809265137,3.743000030517578,76.81123352050781,85.18992614746094,98.77999877929688,149.5642547607422,108.6883773803711,42.746726989746094
2025-08-05,6299.18994140625,4.150000095367432,4.196000099182129,3.76200008392334,76.77295684814453,85.45111846923828,98.77999877929688,149.25746154785156,108.82756042480469,42.29145431518555
2025-08-06,6345.06005859375,4.132999897003174,4.21999979019165,3.7639999389648438,76.84952545166016,84.95773315429688,98.18000030517578,149.376220703125,111.08952331542969,41.91450881958008
2025-08-07,6340.0,4.138000011444092,4.24399995803833,3.7899999618530273,76.77295684814453,84.81262969970703,98.4000015258789,149.1584930419922,111.05472564697266,42.36978530883789
2025-08-08,6389.4501953125,4.132999897003174,4.284999847412109,3.8299999237060547,76.78252410888672,84.44501495361328,98.18000030517578,149.27725219726562,111.24861145019531,42.18865203857422
2025-08-11,6373.4501953125,4.14300012588501,4.2729997634887695,3.822999954223633,76.78252410888672,84.54174041748047,98.5199966430664,148.79229736328125,111.53694915771484,42.056480407714844
2025-08-12,6445.759765625,4.130000114440918,4.293000221252441,3.822000026702881,76.95480346679688,84.1160888671875,98.0999984741211,150.3362274169922,112.72012329101562,42.237606048583984
2025-08-13,6466.580078125,4.110000133514404,4.23799991607666,3.7699999809265137,77.15580749511719,84.81262969970703,97.83999633789062,150.91026306152344,114.26622009277344,42.33061981201172
2025-08-14,6468.5400390625,4.111999988555908,4.293000221252441,3.821000099182129,76.95480346679688,84.18380737304688,98.25,149.5741729736328,114.13694763183594,42.03689193725586
2025-08-15,6449.7998046875,4.111999988555908,4.328000068664551,3.8450000286102295,77.0122299194336,83.58403015136719,97.8499984741211,148.89126586914062,113.863525390625,41.91450881958008
2025-08-18,6449.14990234375,4.123000144958496,4.341000080108643,3.8550000190734863,76.95480346679688,83.34217071533203,98.16999816894531,149.47518920898438,114.32089233398438,41.733375549316406
2025-08-19,6411.3701171875,4.110000133514404,4.302000045776367,3.822000026702881,76.93565368652344,83.82587432861328,98.2699966430664,149.80178833007812,114.26622009277344,42.13969802856445
2025-08-20,6395.77978515625,4.114999771118164,4.296000003814697,3.809999942779541,76.90694427490234,84.00967407226562,98.22000122070312,149.66323852539062,113.1377182006836,42.183753967285156
2025-08-21,6370.169921875,4.127999782562256,4.329999923706055,3.8570001125335693,76.76338195800781,83.59369659423828,98.62000274658203,149.12879943847656,112.4665756225586,41.894927978515625
2025-08-22,6466.91015625,4.0879998207092285,4.260000228881836,3.759000062942505,77.38552856445312,84.21284484863281,97.72000122070312,151.56346130371094,115.88189697265625,42.1201171875
2025-08-25,6439.31982421875,4.0929999351501465,4.275000095367432,3.7850000858306885,77.23237609863281,83.97100067138672,98.43000030517578,150.04922485351562,115.64824676513672,41.645263671875
2025-08-26,6465.93994140625,4.0879998207092285,4.257999897003174,3.740000009536743,77.40467834472656,83.922607421875,98.2300033569336,151.59317016601562,116.18017578125,41.73827362060547
2025-08-27,6481.39990234375,4.059999942779541,4.23799991607666,3.7049999237060547,77.50038146972656,83.82587432861328,98.2300033569336,151.5733642578125,116.20502471923828,41.74806594848633
2025-08-28,6501.85986328125,4.072000026702881,4.206999778747559,3.696000099182129,77.5386734008789,84.3772964477539,97.80999755859375,151.84059143066406,116.40387725830078,41.42986297607422
2025-08-29,6460.259765625,4.043000221252441,4.2270002365112305,3.6989998817443848,77.39510345458984,83.7774887084961,97.7699966430664,150.44509887695312,115.20579528808594,41.27810287475586
2025-09-02,6415.5400390625,4.0320000648498535,4.2769999504089355,3.743000030517578,77.31143188476562,83.15406036376953,98.4000015258789,149.01002502441406,114.34574890136719,41.14103317260742
2025-09-03,6448.259765625,4.01800012588501,4.210999965667725,3.684999942779541,77.52300262451172,84.06688690185547,98.13999938964844,148.2578582763672,114.80809020996094,41.038230895996094
2025-09-04,6502.080078125,3.997999906539917,4.176000118255615,3.6530001163482666,77.7345962524414,84.70780944824219,98.3499984741211,149.93045043945312,116.90599060058594,40.98927688598633
2025-09-05,6481.5,3.9100000858306885,4.085999965667725,3.5829999446868896,77.77305603027344,85.99934387207031,97.7699966430664,149.376220703125,116.88113403320312,40.861995697021484
2025-09-08,6495.14990234375,3.927999973297119,4.046000003814697,3.569999933242798,77.77305603027344,87.14521789550781,97.44999694824219,149.71273803710938,117.33352661132812,40.44588851928711
2025-09-09,6512.60986328125,3.943000078201294,4.073999881744385,3.6010000705718994,77.68649291992188,86.64997100830078,97.79000091552734,148.70321655273438,117.16947174072266,40.72492599487305
2025-09-10,6532.0400390625,3.930000066757202,4.0320000648498535,3.5820000171661377,77.74420166015625,87.14521789550781,97.77999877929688,149.80178833007812,115.7675552368164,41.424964904785156
2025-09-11,6587.47021484375,3.927999973297119,4.011000156402588,3.578000068664551,77.93653869628906,87.7278823852539,97.54000091552734,151.2269744873047,118.01956939697266,41.645263671875
2025-09-12,6584.2900390625,3.927999973297119,4.060999870300293,3.625,77.85960388183594,87.34915161132812,97.55000305175781,150.01953125,118.63104248046875,41.85576629638672
2025-09-15,6615.27978515625,3.9000000953674316,4.033999919891357,3.6019999980926514,78.08080291748047,87.55308532714844,97.30000305175781,150.7123260498047,119.66011047363281,41.953670501708984
2025-09-16,6606.759765625,3.890000104904175,4.026000022888184,3.5829999446868896,78.0230941772461,87.73759460449219,96.62999725341797,150.26695251464844,120.39586639404297,41.18998718261719
2025-09-17,6600.35009765625,3.868000030517578,4.076000213623047,3.6489999294281006,77.94615936279297,87.51423645019531,96.87000274658203,149.5840606689453,120.09262084960938,41.292789459228516
2025-09-18,6631.9599609375,3.880000114440918,4.104000091552734,3.6630001068115234,78.11927032470703,86.61113739013672,97.3499984741211,151.177490234375,119.55073547363281,41.322166442871094
2025-09-19,6664.35986328125,3.878000020980835,4.138999938964844,3.690999984741211,78.14811706542969,86.446044921875,97.63999938964844,151.54367065429688,120.00313568115234,41.58651351928711
2025-09-22,6693.75,3.8480000495910645,4.14300012588501,3.696000099182129,78.20581817626953,86.13529968261719,97.33000183105469,152.05052185058594,119.61219787597656,41.989654541015625
2025-09-23,6656.919921875,3.8450000286102295,4.119999885559082,3.677000045776367,78.14811706542969,86.73737335205078,97.26000213623047,152.09027099609375,118.48668670654297,42.20650100708008
2025-09-24,6637.97021484375,3.8580000400543213,4.146999835968018,3.7100000381469727,78.0423355102539,86.40719604492188,97.87000274658203,151.30516052246094,119.32335662841797,42.50713348388672
2025-09-25,6604.72021484375,3.882999897003174,4.171999931335449,3.7669999599456787,77.82112884521484,86.40719604492188,98.55000305175781,150.2815704345703,117.64007568359375,42.09807586669922
2025-09-26,6643.7001953125,3.859999895095825,4.186999797821045,3.7699999809265137,77.97501373291016,86.32952117919922,98.1500015258789,151.6331329345703,119.37813568115234,42.78312301635742
2025-09-29,6661.2099609375,3.86299991607666,4.140999794006348,3.740999937057495,78.1096420288086,87.03840637207031,97.91000366210938,152.10020446777344,119.90103912353516,42.90633010864258
2025-09-30,6688.4599609375,3.8450000286102295,4.1479997634887695,3.7320001125335693,78.08080291748047,86.78593444824219,97.7699966430664,153.2728729248047,119.34326934814453,42.98025894165039
2025-10-01,6711.2001953125,3.8450000286102295,4.105999946594238,3.680000066757202,78.22669982910156,87.01006317138672,97.70999908447266,152.84556579589844,120.09028625488281,43.39424133300781
2025-10-02,6715.35009765625,3.8480000495910645,4.0879998207092285,3.6730000972747803,78.19770050048828,87.26341247558594,97.8499984741211,153.24305725097656,119.22374725341797,43.31538772583008
2025-10-03,6715.7900390625,3.8580000400543213,4.11899995803833,3.7079999446868896,78.11075592041016,87.09774780273438,97.72000122070312,153.45176696777344,118.4568099975586,43.81808090209961
2025-10-06,6740.27978515625,3.859999895095825,4.1620001792907715,3.744999885559082,78.13007354736328,86.40589141845703,98.11000061035156,154.16729736328125,119.47274780273438,44.24191665649414
2025-10-07,6714.58984375,3.8429999351501465,4.126999855041504,3.7060000896453857,78.04312133789062,86.90286254882812,98.58000183105469,153.29275512695312,117.38111114501953,44.4439811706543
2025-10-08,6753.72021484375,3.8429999351501465,4.129000186920166,3.7200000286102295,77.92716217041016,86.97107696533203,98.8499984741211,154.6244354248047,117.7297134399414,44.749542236328125
2025-10-09,6735.10986328125,3.8529999256134033,4.1479997634887695,3.740999937057495,77.7049331665039,86.90286254882812,99.54000091552734,152.33871459960938,117.1420669555664,44.63618850708008
2025-10-10,6552.509765625,3.8529999256134033,4.051000118255615,3.6459999084472656,77.25079345703125,88.30610656738281,98.9800033569336,148.96974182128906,113.91993713378906,44.45383834838867
2025-10-13,6654.72021484375,3.8529999256134033,4.051000118255615,3.6459999084472656,77.73391723632812,88.25736999511719,99.2699966430664,150.52008056640625,116.46477508544922,44.79389572143555
2025-10-14,6644.31005859375,3.8529999256134033,4.021999835968018,3.6040000915527344,77.82088470458984,88.53997802734375,99.05000305175781,152.28903198242188,116.70880126953125,45.193092346191406
2025-10-15,6671.06005859375,3.8580000400543213,4.046000003814697,3.630000114440918,78.07210540771484,88.3450698852539,98.79000091552734,151.6529998779297,116.87812042236328,45.78449630737305
2025-10-16,6629.06982421875,3.8529999256134033,3.9760000705718994,3.549999952316284,77.79188537597656,89.00770568847656,98.38999938964844,150.65921020507812,115.74763488769531,45.2867317199707
2025-10-17,6664.009765625,3.8320000171661377,4.006999969482422,3.5920000076293945,77.99479675292969,88.87126922607422,98.43000030517578,150.78839111328125,116.74365234375,45.129024505615234
2025-10-20,6735.1298828125,3.7980000972747803,3.9860000610351562,3.578000068664551,78.1493911743164,89.21235656738281,98.58999633789062,152.56729125976562,117.66996002197266,45.11423873901367
2025-10-21,6735.35009765625,3.7850000858306885,3.9630000591278076,3.559999942779541,78.03345489501953,89.6508560180664,98.93000030517578,153.91885375976562,119.10920715332031,44.65589904785156
2025-10-22,6699.39990234375,3.7880001068115234,3.953000068664551,3.552000045776367,77.9561538696289,89.70932006835938,98.9000015258789,151.92132568359375,118.17793273925781,44.552406311035156
2025-10-23,6738.43994140625,3.7880001068115234,3.990999937057495,3.5969998836517334,78.13007354736328,89.09541320800781,98.94000244140625,153.8194580078125,118.7107925415039,44.517906188964844
2025-10-24,6791.68994140625,3.763000011444092,3.996999979019165,3.6019999980926514,78.3426513671875,89.13439178466797,98.94999694824219,153.94866943359375,118.35721588134766,45.040313720703125
2025-10-27,6875.16015625,3.7179999351501465,3.996999979019165,3.614000082015991,78.535888671875,89.43647003173828,98.77999877929688,154.8231964111328,120.06040954589844,45.16352081298828
2025-10-28,6890.89013671875,3.7200000286102295,3.9830000400543213,3.61299991607666,78.45858001708984,89.67034912109375,98.69000244140625,153.7200927734375,120.09028625488281,44.419334411621094
2025-10-29,6890.58984375,3.7300000190734863,4.058000087738037,3.697000026702881,78.21702575683594,88.76409149169922,99.22000122070312,154.1175994873047,119.0992431640625,44.4045524597168
2025-10-30,6822.33984375,3.756999969482422,4.0929999351501465,3.7200000286102295,78.07210540771484,88.24761962890625,99.52999877929688,153.73004150390625,116.40998840332031,44.2172737121582
2025-10-31,6840.2001953125,3.7179999351501465,4.10099983215332,3.7170000076293945,78.07210540771484,87.98452758789062,99.80000305175781,154.0977325439453,119.48768615722656,43.91171646118164
2025-11-03,6851.97021484375,3.7829999923706055,4.105999946594238,3.7149999141693115,77.82929992675781,87.76447296142578,99.87000274658203,153.4418182373047,120.60821533203125,43.93635940551758
2025-11-04,6771.5498046875,3.7929999828338623,4.089000225067139,3.7009999752044678,77.8390121459961,87.96007537841797,100.22000122070312,151.66293334960938,118.60621643066406,43.77865219116211
2025-11-05,6796.2900390625,3.7880001068115234,4.1570000648498535,3.765000104904175,77.91671752929688,87.00164031982422,100.19999694824219,152.249267578125,120.05044555664062,43.78850555419922
2025-11-06,6720.31982421875,3.763000011444092,4.0929999351501465,3.688999891281128,77.94584655761719,87.7840347290039,99.7300033569336,151.64305114746094,117.27653503417969,43.5963020324707
2025-11-07,6728.7998046875,3.756999969482422,4.0929999351501465,3.680000066757202,78.01383209228516,87.59821319580078,99.5999984741211,152.37847900390625,117.4607925415039,44.202491760253906
2025-11-10,6832.43017578125,3.7829999923706055,4.110000133514404,3.7100000381469727,78.27604675292969,87.57865905761719,99.62000274658203,153.24305725097656,119.00463104248047,44.187705993652344
2025-11-11,6846.60986328125,3.7829999923706055,4.119999885559082,3.7190001010894775,78.36344909667969,87.97962951660156,99.45999908447266,153.28282165527344,119.29845428466797,44.212345123291016
2025-11-12,6850.919921875,3.7780001163482666,4.065000057220459,3.6679999828338623,78.20806884765625,88.1361083984375,99.4800033569336,153.43190002441406,118.49665832519531,44.31584167480469
2025-11-13,6737.490234375,3.7929999828338623,4.111999988555908,3.703000068664551,77.8875732421875,87.41239166259766,99.18000030517578,151.0567169189453,115.53846740722656,43.70472717285156
2025-11-14,6734.10986328125,3.7880001068115234,4.1479997634887695,3.734999895095825,77.90699768066406,86.91363525390625,99.2699966430664,151.066650390625,114.98567962646484,43.7441520690918
2025-11-17,6672.41015625,3.7720000743865967,4.132999897003174,3.7209999561309814,77.78074645996094,87.12879180908203,99.58999633789062,149.58590698242188,113.90499114990234,44.13842010498047
2025-11-18,6617.31982421875,3.7720000743865967,4.123000144958496,3.694000005722046,77.8001708984375,87.09944152832031,99.55000305175781,148.92007446289062,111.80339050292969,43.970855712890625
2025-11-19,6642.16015625,3.7720000743865967,4.132999897003174,3.7079999446868896,77.8390121459961,86.92340087890625,100.2300033569336,149.41696166992188,111.80836486816406,43.60123062133789
2025-11-20,6538.759765625,3.7750000953674316,4.105999946594238,3.6730000972747803,77.79045104980469,87.26570129394531,100.16000366210938,146.91259765625,110.1400375366211,43.379451751708984
2025-11-21,6602.990234375,3.740000009536743,4.063000202178955,3.618000030517578,78.05268096923828,87.5297622680664,100.18000030517578,148.70143127441406,112.30139923095703,43.44352340698242
2025-11-24,6705.1201171875,3.7300000190734863,4.038000106811523,3.6050000190734863,78.2663345336914,88.0285415649414,100.13999938964844,149.0691375732422,113.8004150390625,43.93635940551758
2025-11-25,6765.8798828125,3.7320001125335693,4.001999855041504,3.565000057220459,78.53826904296875,88.25346374511719,99.66000366210938,150.9772186279297,116.23567962646484,43.768795013427734
2025-11-26,6812.60986328125,3.753000020980835,3.997999906539917,3.572000026702881,78.6159439086914,88.64466094970703,99.5999984741211,151.8517608642578,117.03250122070312,44.350341796875
2025-11-28,6849.08984375,3.697000026702881,4.017000198364258,3.5999999046325684,78.65480041503906,88.22412109375,99.45999908447266,152.73623657226562,117.75959777832031,44.66575241088867
2025-12-01,6812.6298828125,3.693000078201294,4.0960001945495605,3.6730000972747803,78.51333618164062,87.1258544921875,99.41000366210938,150.50021362304688,117.8293228149414,43.62094497680664
2025-12-02,6829.3701171875,3.671999931335449,4.085999965667725,3.6589999198913574,78.6596908569336,87.16510772705078,99.36000061035156,151.81199645996094,117.74964141845703,43.310455322265625
2025-12-03,6849.72021484375,3.634999990463257,4.057000160217285,3.624000072479248,78.72797393798828,87.41047668457031,98.8499984741211,153.25302124023438,119.01956939697266,43.172462463378906
2025-12-04,6857.1201171875,3.611999988555908,4.107999801635742,3.681999921798706,78.78651428222656,86.93936920166016,98.98999786376953,154.04803466796875,118.59626007080078,43.08374786376953
2025-12-05,6870.39990234375,3.6029999256134033,4.138999938964844,3.7149999141693115,78.78651428222656,86.5369644165039,98.98999786376953,153.62071228027344,119.25363159179688,42.67962646484375
2025-12-08,6846.509765625,3.618000030517578,4.171999931335449,3.753000020980835,78.59138488769531,86.2523422241211,99.08999633789062,153.43190002441406,117.52054595947266,42.10793685913086
2025-12-09,6840.509765625,3.631999969482422,4.185999870300293,3.7799999713897705,78.5035629272461,86.34066772460938,99.22000122070312,152.30889892578125,117.5105972290039,42.137508392333984
2025-12-10,6886.68017578125,3.5929999351501465,4.164000034332275,3.756999969482422,78.76700592041016,86.67436981201172,98.79000091552734,155.09152221679688,119.23370361328125,42.117794036865234
2025-12-11,6901.0,3.568000078201294,4.140999794006348,3.7149999141693115,78.75724792480469,86.55658721923828,98.3499984741211,156.75115966796875,119.70184326171875,42.4233512878418
2025-12-12,6827.41015625,3.5250000953674316,4.193999767303467,3.750999927520752,78.61089324951172,85.72232818603516,98.4000015258789,155.76731872558594,120.21976470947266,42.21636199951172
2025-12-15,6816.509765625,3.5380001068115234,4.182000160217285,3.7330000400543213,78.6499252319336,85.78121948242188,98.1500015258789,156.01576232910156,121.24568176269531,42.600772857666016
2025-12-16,6800.259765625,3.5450000762939453,4.14900016784668,3.693000078201294,78.69871520996094,86.2523422241211,98.1500015258789,155.09152221679688,121.44487762451172,42.4233512878418
2025-12-17,6721.43017578125,3.5429999828338623,4.151000022888184,3.694999933242798,78.60113525390625,86.17382049560547,98.37000274658203,152.5772247314453,120.04048919677734,42.14735794067383
2025-12-18,6774.759765625,3.5220000743865967,4.116000175476074,3.6600000858306885,78.81578826904297,86.58602905273438,98.43000030517578,153.57101440429688,121.85324096679688,42.561344146728516
2025-12-19,6834.5,3.5220000743865967,4.151000022888184,3.693000078201294,78.77755737304688,86.26286315917969,98.5999984741211,154.8927764892578,121.36519622802734,42.01922607421875
2025-12-22,6878.490234375,3.5280001163482666,4.169000148773193,3.7179999351501465,78.84617614746094,86.07565307617188,98.29000091552734,156.6099395751953,122.0947265625,42.17513656616211
2025-12-23,6909.7900390625,3.546999931335449,4.169000148773193,3.7339999675750732,78.90499877929688,86.2136001586914,97.94000244140625,156.55010986328125,121.9250717163086,42.324092864990234
2025-12-24,6932.0498046875,3.555000066757202,4.136000156402588,3.7170000076293945,79.05204010009766,86.73580932617188,97.9800033569336,157.05868530273438,122.34423065185547,42.51277542114258
2025-12-26,6929.93994140625,3.5429999828338623,4.136000156402588,3.697000026702881,79.01282501220703,86.45006561279297,98.0199966430664,156.76950073242188,121.8053207397461,42.48298263549805
2025-12-29,6905.740234375,3.5380001068115234,4.116000175476074,3.677000045776367,79.04222869873047,86.77522277832031,98.04000091552734,156.43045043945312,120.60771942138672,42.56242752075195
2025-12-30,6896.240234375,3.5399999618530273,4.130000114440918,3.681999921798706,79.12067413330078,86.56830596923828,98.23999786376953,155.98170471191406,120.11870574951172,42.6617317199707
2025-12-31,6845.5,3.546999931335449,4.163000106811523,3.7219998836517334,79.04222869873047,85.87860107421875,98.27999877929688,154.6853485107422,119.17060852050781,42.39360809326172
2026-01-02,6858.47021484375,3.5329999923706055,4.186999797821045,3.739000082015991,79.08145141601562,85.75050354003906,98.41999816894531,157.53733825683594,118.11273193359375,42.88020706176758
2026-01-05,6902.0498046875,3.515000104904175,4.164999961853027,3.7100000381469727,79.28731536865234,86.17418670654297,98.2699966430664,159.402099609375,120.05882263183594,42.403541564941406
2026-01-06,6944.81982421875,3.5199999809265137,4.178999900817871,3.7200000286102295,79.30692291259766,85.996826171875,98.58000183105469,161.56602478027344,120.82727813720703,42.61207962036133
2026-01-07,6920.93017578125,3.515000104904175,4.138000011444092,3.694000005722046,79.28731536865234,86.49932861328125,98.68000030517578,158.52456665039062,120.65762329101562,41.57929992675781
2026-01-08,6921.4599609375,3.506999969482422,4.183000087738037,3.7360000610351562,79.34613037109375,86.06580352783203,98.93000030517578,159.72120666503906,122.67356872558594,41.69847106933594
2026-01-09,6966.27978515625,3.513000011444092,4.171000003814697,3.756999969482422,79.40495300292969,86.63726806640625,99.12999725341797,161.47625732421875,124.16058349609375,42.2148551940918
2026-01-12,6977.27001953125,3.5329999923706055,4.186999797821045,3.7669999599456787,79.44416809082031,86.38109588623047,98.86000061035156,162.71279907226562,124.27035522460938,42.28437423706055
2026-01-13,6963.740234375,3.559999942779541,4.171000003814697,3.743000030517578,79.44416809082031,86.52888488769531,99.12999725341797,163.55043029785156,123.96098327636719,42.55249786376953
2026-01-14,6926.60009765625,3.559999942779541,4.139999866485596,3.7170000076293945,79.44416809082031,87.0313949584961,99.12999725341797,163.80972290039062,122.00491333007812,42.87027359008789
2026-01-15,6944.47021484375,3.565000057220459,4.159999847412109,3.76200008392334,79.44416809082031,87.0116958618164,99.31999969482422,165.3154754638672,122.45401000976562,43.307220458984375
2026-01-16,6940.009765625,3.556999921798706,4.230999946594238,3.828000068664551,79.49317932128906,86.50919342041016,99.38999938964844,166.43234252929688,122.05481719970703,43.088748931884766
2026-01-20,6796.85986328125,3.572000026702881,4.295000076293945,3.8580000400543213,79.28731536865234,85.3760986328125,98.63999938964844,163.07179260253906,118.88118743896484,42.6617317199707
2026-01-21,6875.6201171875,3.5880000591278076,4.252999782562256,3.8310000896453857,79.52259063720703,86.02638244628906,98.76000213623047,165.89385986328125,121.1566162109375,42.721317291259766
2026-01-22,6913.35009765625,3.5880000591278076,4.249000072479248,3.8469998836517334,79.58140563964844,86.40080261230469,98.36000061035156,165.03627014160156,122.37417602539062,42.41346740722656
2026-01-23,6915.60986328125,3.5820000171661377,4.238999843597412,3.8389999866485596,79.54219818115234,86.63726806640625,97.5999984741211,163.75985717773438,122.88314819335938,42.26451110839844
2026-01-26,6950.22998046875,3.575000047683716,4.2129998207092285,3.818000078201294,79.58140563964844,87.05110168457031,97.04000091552734,163.91940307617188,122.07477569580078,42.572357177734375
2026-01-27,6978.60009765625,3.569999933242798,4.2230000495910645,3.813999891281128,79.57160186767578,86.50919342041016,96.22000122070312,164.59750366210938,122.44403076171875,43.12847137451172
2026-01-28,6978.02978515625,3.5820000171661377,4.250999927520752,3.8420000076293945,79.44416809082031,86.31212615966797,96.44999694824219,163.68008422851562,121.52587127685547,43.02916717529297
2026-01-29,6969.009765625,3.5799999237060547,4.2270002365112305,3.805000066757202,79.43436431884766,86.33183288574219,96.27999877929688,165.395263671875,120.94703674316406,43.02916717529297
2026-01-30,6939.02978515625,3.572000026702881,4.241000175476074,3.796999931335449,79.52259063720703,85.84903717041016,96.98999786376953,164.9764404296875,120.92707824707031,42.94972229003906
2026-02-02,6976.43994140625,3.578000068664551,4.275000095367432,3.8350000381469727,79.57086181640625,85.60375213623047,97.61000061035156,167.06057739257812,121.72547912597656,42.324092864990234
2026-02-03,6917.81005859375,3.5899999141693115,4.27400016784668,3.8369998931884766,79.52161407470703,85.81145477294922,97.44000244140625,168.4666290283203,120.7474365234375,42.93979263305664
2026-02-04,6882.72021484375,3.5950000286102295,4.275000095367432,3.8329999446868896,79.42308807373047,85.59386444091797,97.62000274658203,168.9153594970703,119.85922241210938,42.78090286254883
2026-02-05,6798.39990234375,3.578000068664551,4.210000038146973,3.75,79.33443450927734,86.52359008789062,97.81999969482422,167.89822387695312,117.2744140625,42.80076217651367
2026-02-06,6932.2998046875,3.5899999141693115,4.205999851226807,3.755000114440918,79.61026000976562,86.58293151855469,97.62999725341797,172.69473266601562,117.75344848632812,43.04902648925781
2026-02-09,6964.81982421875,3.5929999351501465,4.197999954223633,3.740999937057495,79.7186279296875,86.5631332397461,96.81999969482422,173.21328735351562,117.31433868408203,43.178123474121094
2026-02-10,6941.81005859375,3.5899999141693115,4.146999835968018,3.6989998817443848,79.63982391357422,87.56209564208984,96.80000305175781,173.42269897460938,118.0927734375,43.89312744140625
2026-02-11,6941.47021484375,3.5999999046325684,4.171999931335449,3.740999937057495,79.6299819946289,87.09724426269531,96.83000183105469,174.35009765625,117.52391815185547,44.280418395996094
2026-02-12,6832.759765625,3.5980000495910645,4.104000091552734,3.6679999828338623,79.59056854248047,88.25445556640625,96.93000030517578,172.2659454345703,115.89717864990234,44.93583679199219
2026-02-13,6836.169921875,3.5929999351501465,4.056000232696533,3.6089999675750732,79.64967346191406,88.73908996582031,96.87999725341797,173.68197631835938,115.94708251953125,46.17715835571289
2026-02-17,6843.22021484375,3.5929999351501465,4.052000045776367,3.621000051498413,79.61026000976562,88.887451171875,97.16000366210938,174.5894317626953,115.80736541748047,46.05799102783203
2026-02-18,6881.31005859375,3.6029999256134033,4.078999996185303,3.6449999809265137,79.70879364013672,88.5511703491211,97.69999694824219,174.54953002929688,116.78539276123047,45.2933349609375
2026-02-19,6861.89013671875,3.5950000286102295,4.074999809265137,3.6470000743865967,79.73834228515625,88.64019012451172,97.93000030517578,175.84588623046875,116.0069580078125,45.78986358642578
2026-02-20,6909.509765625,3.5950000286102295,4.085999965667725,3.6500000953674316,79.79743957519531,88.43248748779297,97.80000305175781,176.7333984375,117.21453094482422,46.008338928222656
2026-02-23,6837.75,3.5880000591278076,4.0289998054504395,3.5820000171661377,79.66938018798828,88.75887298583984,97.69999694824219,174.34011840820312,114.75946807861328,46.35590744018555
2026-02-24,6890.06982421875,3.5880000591278076,4.0329999923706055,3.5980000495910645,79.61026000976562,88.91712188720703,97.87999725341797,176.48410034179688,116.5059585571289,46.87229919433594
2026-02-25,6946.1298828125,3.5880000591278076,4.047999858856201,3.61899995803833,79.7186279296875,88.92701721191406,97.69999694824219,175.10797119140625,116.85525512695312,47.031185150146484
2026-02-26,6908.85986328125,3.5880000591278076,4.017000198364258,3.5829999446868896,79.64967346191406,89.28307342529297,97.79000091552734,176.2048797607422,116.81533813476562,46.85243606567383
2026-02-27,6878.8798828125,3.578000068664551,3.9619998931884766,3.51200008392334,79.52161407470703,89.82706451416016,97.61000061035156,176.64364624023438,116.62571716308594,47.398616790771484
2026-03-02,6881.6201171875,3.5899999141693115,4.047999858856201,3.621000051498413,79.47606658935547,88.92501068115234,98.37999725341797,178.39871215820312,115.18860626220703,47.041114807128906
2026-03-03,6816.6298828125,3.5950000286102295,4.056000232696533,3.63100004196167,79.31767272949219,88.74639129638672,99.05000305175781,174.9484100341797,114.13072967529297,46.74319839477539
2026-03-04,6869.5,3.5950000286102295,4.079999923706055,3.6679999828338623,79.59486389160156,88.4685287475586,98.7699966430664,175.4769287109375,116.15666198730469,46.941810607910156
2026-03-05,6830.7099609375,3.5880000591278076,4.145999908447266,3.743000030517578,79.27806854248047,88.11128234863281,99.31999969482422,171.577880859375,116.31634521484375,46.57438278198242
2026-03-06,6740.02001953125,3.569999933242798,4.132999897003174,3.7149999141693115,78.89197540283203,87.78380584716797,98.98999786376953,169.4638214111328,114.2105712890625,46.41549301147461
2026-03-09,6795.990234375,3.5929999351501465,4.136000156402588,3.7360000610351562,79.3671646118164,88.54792785644531,99.18000030517578,170.46102905273438,114.36026763916016,46.52472686767578
2026-03-10,6781.47998046875,3.5950000286102295,4.136000156402588,3.7149999141693115,79.23847198486328,87.60517883300781,98.83000183105469,169.54360961914062,114.2105712890625,46.23674011230469
2026-03-11,6775.7998046875,3.5999999046325684,4.208000183105469,3.7820000648498535,79.06027221679688,86.47389221191406,99.2300033569336,169.0150909423828,113.91117095947266,45.84944534301758
2026-03-12,6672.6201171875,3.6050000190734863,4.2729997634887695,3.884000062942505,78.55538177490234,86.30519104003906,99.73999786376953,164.77700805664062,111.29642486572266,46.17715835571289
2026-03-13,6632.18994140625,3.6029999256134033,4.284999847412109,3.874000072479248,78.40687561035156,85.87848663330078,100.36000061035156,164.1886444091797,110.63774871826172,46.63396072387695
2026-03-16,6699.3798828125,3.6050000190734863,4.21999979019165,3.802999973297119,78.65437316894531,86.5433578491211,99.70999908447266,165.59469604492188,111.97505950927734,46.93187713623047
2026-03-17,6716.08984375,3.6050000190734863,4.202000141143799,3.7860000133514404,79.0107650756836,86.78152465820312,99.58000183105469,166.03346252441406,112.95309448242188,46.80278396606445
2026-03-18,6624.7001953125,3.609999895095825,4.258999824523926,3.861999988555908,78.6048812866211,86.2952651977539,100.08999633789062,164.7171630859375,110.34832763671875,46.40555953979492
2026-03-19,6606.490234375,3.611999988555908,4.281000137329102,3.9189999103546143,78.8622817993164,86.82122039794922,99.2300033569336,163.6002960205078,109.48007202148438,46.216880798339844
2026-03-20,6506.47998046875,3.618000030517578,4.390999794006348,4.01200008392334,78.12968444824219,85.17391204833984,99.6500015258789,161.2169952392578,107.52400207519531,44.340003967285156
2026-03-23,6581.0,3.611999988555908,4.334000110626221,3.950000047683716,78.64447784423828,85.72962951660156,98.94999694824219,163.0500030517578,110.12000274658203,44.779998779296875
2026-03-24,6556.3701171875,3.619999885559082,4.392000198364258,4.03000020980835,78.37718200683594,85.35253143310547,99.43000030517578,164.0,109.68000030517578,45.09000015258789
2026-03-25,6591.89990234375,3.619999885559082,4.328000068664551,3.9700000286102295,78.62467956542969,86.17618560791016,99.5999984741211,165.10000610351562,110.7300033569336,45.25
2026-03-26,6477.16015625,3.619999885559082,4.415999889373779,4.09499979019165,78.12968444824219,85.45176696777344,99.9000015258789,161.27000427246094,108.83000183105469,45.33000183105469
2026-03-27,6368.85009765625,3.6070001125335693,4.440000057220459,4.070000171661377,77.93168640136719,84.98535919189453,100.1500015258789,159.1999969482422,105.68000030517578,45.59000015258789
2026-03-30,6343.72021484375,3.5980000495910645,4.3420000076293945,3.9790000915527344,78.02079010009766,86.11664581298828,100.51000213623047,156.61000061035156,105.66000366210938,45.91999816894531
2026-03-31,6528.52001953125,3.5999999046325684,4.310999870300293,3.944999933242798,78.76327514648438,86.02733612060547,99.95999908447266,161.72999572753906,108.9800033569336,45.88999938964844
2026-04-01,6575.31982421875,3.6050000190734863,4.318999767303467,3.9549999237060547,78.95626831054688,85.9426498413086,99.6500015258789,164.42999267578125,109.80000305175781,46.11000061035156
2026-04-02,6582.68994140625,3.6070001125335693,4.313000202178955,3.947999954223633,79.14527130126953,86.47069549560547,100.02999877929688,163.77000427246094,108.1500015258789,46.34000015258789
2026-04-06,6611.830078125,3.622999906539917,4.335000038146973,3.9809999465942383,79.2845458984375,86.33121490478516,99.9800033569336,164.61000061035156,109.04000091552734,46.16999816894531
2026-04-07,6616.85009765625,3.615000009536743,4.3429999351501465,3.9760000705718994,79.304443359375,86.32125091552734,99.63999938964844,164.27999877929688,107.7699966430664,46.27000045776367
2026-04-08,6782.81005859375,3.5999999046325684,4.290999889373779,3.9200000762939453,79.7719955444336,86.6002197265625,99.12999725341797,170.44000244140625,110.81999969482422,46.779998779296875
2026-04-09,6824.66015625,3.5880000591278076,4.293000221252441,3.9149999618530273,79.86151885986328,86.38102722167969,98.81999969482422,172.19000244140625,112.73999786376953,47.150001525878906
2026-04-10,6816.89013671875,3.5929999351501465,4.316999912261963,3.938999891281128,79.5431900024414,86.17179870605469,98.6500015258789,171.52000427246094,112.88999938964844,46.959999084472656
2026-04-13,6886.240234375,3.6029999256134033,4.296999931335449,3.9170000553131104,79.84162902832031,86.43084716796875,98.37000274658203,172.72999572753906,113.91999816894531,46.38999938964844
2026-04-14,6967.3798828125,3.611999988555908,4.25600004196167,3.871000051498413,80.08037567138672,86.88915252685547,98.12000274658203,173.35000610351562,116.44000244140625,46.470001220703125
2026-04-15,7022.9501953125,3.611999988555908,4.2820000648498535,3.8959999084472656,80.04058074951172,86.51055145263672,98.05999755859375,171.17999267578125,118.18000030517578,46.02000045776367
2026-04-16,7041.27978515625,3.609999895095825,4.309000015258789,3.9130001068115234,79.93115234375,85.96257019042969,98.22000122070312,170.3300018310547,117.62999725341797,46.349998474121094
2026-04-17,7126.06005859375,3.5999999046325684,4.245999813079834,3.8380000591278076,80.22959899902344,86.74966430664062,98.0999984741211,173.50999450683594,120.41000366210938,46.15999984741211
2026-04-20,7109.14013671875,3.5980000495910645,4.25,3.8499999046325684,80.15995788574219,86.72974395751953,98.05000305175781,173.89999389648438,119.87000274658203,45.75
2026-04-21,7064.009765625,3.5980000495910645,4.291999816894531,3.9079999923706055,79.95105743408203,86.25150299072266,98.41000366210938,171.44000244140625,118.97000122070312,44.95000076293945
2026-04-22,7137.89990234375,3.5950000286102295,4.294000148773193,3.9149999618530273,80.08037567138672,86.4208755493164,98.58999633789062,171.0399932861328,118.93000030517578,44.869998931884766
2026-04-23,7108.39990234375,3.5950000286102295,4.322999954223633,3.9519999027252197,79.95105743408203,86.23158264160156,98.80000305175781,174.07000732421875,117.73999786376953,46.09000015258789
2026-04-24,7165.080078125,3.5929999351501465,4.309999942779541,3.9200000762939453,80.06048583984375,86.3909912109375,98.51000213623047,172.47000122070312,118.69000244140625,46.18000030517578
2026-04-27,7173.91015625,3.5899999141693115,4.335999965667725,3.947000026702881,80.09032440185547,85.96257019042969,98.4800033569336,172.50999450683594,117.83999633789062,46.189998626708984
2026-04-28,7138.7998046875,3.5899999141693115,4.354000091552734,3.9830000400543213,79.98089599609375,86.05224609375,98.62000274658203,170.97999572753906,117.01000213623047,46.25
2026-04-29,7135.9501953125,3.5899999141693115,4.418000221252441,4.065000057220459,79.7123031616211,85.38470458984375,98.91999816894531,169.92999267578125,116.83999633789062,45.68000030517578
2026-04-30,7209.009765625,3.5850000381469727,4.389999866485596,4.0229997634887695,79.96099853515625,85.30500030517578,98.08000183105469,174.5800018310547,118.3499984741211,46.849998474121094
2026-05-01,7230.1201171875,3.575000047683716,4.377999782562256,4.020999908447266,80.05999755859375,85.61000061035156,98.20999908447266,172.9600067138672,118.62999725341797,46.54999923706055
2026-05-04,7200.75,3.5899999141693115,4.446000099182129,4.0929999351501465,79.80000305175781,84.95999908447266,98.47000122070312,170.97999572753906,117.72000122070312,46.369998931884766
2026-05-05,7259.22021484375,3.5999999046325684,4.415999889373779,4.072000026702881,79.91999816894531,85.43000030517578,98.4800033569336,172.41000366210938,118.06999969482422,46.369998931884766
2026-05-06,7365.1201171875,3.5999999046325684,4.355999946594238,4.001999855041504,80.16000366210938,86.08000183105469,98.0199966430664,176.8699951171875,119.87000274658203,45.709999084472656
2026-05-07,7337.10986328125,3.5980000495910645,4.392000198364258,4.044000148773193,79.86000061035156,85.6500015258789,98.25,174.0,119.87999725341797,45.119998931884766
2026-05-08,7398.93017578125,3.5950000286102295,4.363999843597412,4.013000011444092,80.13999938964844,86.08000183105469,97.83999633789062,173.1999969482422,120.19999694824219,44.720001220703125
2026-05-11,7412.83984375,3.5999999046325684,4.409999847412109,4.067999839782715,79.9800033569336,85.55999755859375,97.94000244140625,175.0399932861328,119.37000274658203,45.13999938964844
2026-05-12,7400.9599609375,3.6029999256134033,4.4629998207092285,4.124000072479248,79.87000274658203,84.98999786376953,98.29000091552734,174.35000610351562,118.29000091552734,45.189998626708984
2026-05-13,7444.25,3.5999999046325684,4.480999946594238,4.130000114440918,79.91000366210938,84.80000305175781,98.4800033569336,173.6199951171875,118.72000122070312,44.66999816894531
2026-05-14,7501.240234375,3.5880000591278076,4.460999965667725,4.120999813079834,79.8499984741211,84.91999816894531,98.87999725341797,174.50999450683594,118.66999816894531,44.900001525878906
2026-05-15,7408.5,3.5880000591278076,4.59499979019165,4.257999897003174,79.45999908447266,83.66000366210938,99.2699966430664,171.39999389648438,116.52999877929688,43.869998931884766
